File Name,Threshold Radius,Interpolation Length
MLC_FLMNH00081_Fabaceae_Gleditsia_triacanthos_grp.jpg,47.230,4.423
MLC_FLMNH00095_Fabaceae_Caesalpinia_vesicaria_grp.jpg,38.683,3.560
MLC_FLMNH00110_Fagaceae_Castanea_mollissima_grp.jpg,26.100,2.578
MLC_FLMNH00115_Fagaceae_Castanea_ashei_grp.jpg,26.553,2.559
MLC_FLMNH00146_Fagaceae_Quercus_aureovenulosa_grp.jpg,36.714,3.370
MLC_FLMNH00170_Lauraceae_Beilschmiedia_costaricensis_grp.jpg,29.721,2.805
MLC_FLMNH00174_Lauraceae_Aniba_burchellii_grouped_gray_400dpi.jpg,36.944,3.345
MLC_FLMNH00175_Lauraceae_Aiouea_impressa_grouped_gray_400dpi.jpg,37.521,3.395
MLC_FLMNH00177_Lauraceae_Aiouea_costaricensis_grouped_gray_400dpi.jpg,55.012,4.680
MLC_FLMNH00178_Lauraceae_Nectandra_salicifolia_grouped_gray_400dpi.jpg,57.572,5.165
