File Name,Scale (pixels/um)
MLC_FLMNH00081_Fabaceae_Gleditsia_triacanthos_grp.jpg,4.48
MLC_FLMNH00095_Fabaceae_Caesalpinia_vesicaria_grp.jpg,4.18
MLC_FLMNH00110_Fagaceae_Castanea_mollissima_grp.jpg,3.92
MLC_FLMNH00115_Fagaceae_Castanea_ashei_grp.jpg,3.08
MLC_FLMNH00146_Fagaceae_Quercus_aureovenulosa_grp.jpg,4.52
MLC_FLMNH00170_Lauraceae_Beilschmiedia_costaricensis_grp.jpg,5.18
MLC_FLMNH00174_Lauraceae_Aniba_burchellii_grouped_gray_400dpi.jpg,6.3
MLC_FLMNH00175_Lauraceae_Aiouea_impressa_grouped_gray_400dpi.jpg,6.3
MLC_FLMNH00177_Lauraceae_Aiouea_costaricensis_grouped_gray_400dpi.jpg,6.3
MLC_FLMNH00178_Lauraceae_Nectandra_salicifolia_grouped_gray_400dpi.jpg,6.3